Roberto, Pezzali, roberto@dday.it
Giovanni, Intini, giovanni@mikamai.com
Andrea, Franz, andrea@mikamai.it
pippo, pippo, pippo@pippo.it
pino, pippo, ginetto@ginetto.it
Elia, Schito, elia@mikamai.com
